case,block,ts,hours_from_t0,size_usd,exit_discount,unfilled_mamo
H12,49851726,1786492799,-336.0,1000000,0.890512,2418015.7628205167
H12,49851726,1786492799,-336.0,10000000,0.987782,24213202.06239385
H12,49851726,1786492799,-336.0,50000000,0.99749,121080696.72716422
H12,49873326,1786535999,-324.0,1000000,0.889642,2577539.2480734386
H12,49873326,1786535999,-324.0,10000000,0.987671,25777926.970110744
H12,49873326,1786535999,-324.0,50000000,0.997462,128890761.29027656
H12,49894926,1786579199,-312.0,1000000,0.890353,2435104.3946235445
H12,49894926,1786579199,-312.0,10000000,0.987761,24383092.32186476
H12,49894926,1786579199,-312.0,50000000,0.997483,121929705.33182575
H12,49916526,1786622399,-300.0,1000000,0.890504,2443363.522243933
H12,49916526,1786622399,-300.0,10000000,0.987779,24460393.31698854
H12,49916526,1786622399,-300.0,50000000,0.997487,122313859.07140905
H12,49938126,1786665599,-288.0,1000000,0.890113,2338261.1352101634
H12,49938126,1786665599,-288.0,10000000,0.987736,23409387.59907568
H12,49938126,1786665599,-288.0,50000000,0.99748,117058838.54958907
H12,49959726,1786708799,-276.0,1000000,0.890159,2351086.7925810013
H12,49959726,1786708799,-276.0,10000000,0.987744,23535687.354668282
H12,49959726,1786708799,-276.0,50000000,0.997481,117689467.63061175
H12,49981326,1786751999,-264.0,1000000,0.890002,2773677.4705063137
H12,49981326,1786751999,-264.0,10000000,0.987704,27774645.30296866
H12,49981326,1786751999,-264.0,50000000,0.997465,138890057.89169022
H12,50002926,1786795199,-252.0,1000000,0.889575,2479761.649500007
H12,50002926,1786795199,-252.0,10000000,0.98767,24839067.09664377
H12,50002926,1786795199,-252.0,50000000,0.997463,124213757.9728383
H12,50024526,1786838399,-240.0,1000000,0.889731,2475390.077748675
H12,50024526,1786838399,-240.0,10000000,0.987687,24795362.357603945
H12,50024526,1786838399,-240.0,50000000,0.997467,123995239.15696073
H12,50046126,1786881599,-228.0,1000000,0.890025,2479524.5924032656
H12,50046126,1786881599,-228.0,10000000,0.987723,24836706.436017565
H12,50046126,1786881599,-228.0,50000000,0.997474,124201959.07430336
H12,50067726,1786924799,-216.0,1000000,0.890127,2388491.6114808177
H12,50067726,1786924799,-216.0,10000000,0.987741,23916353.60151942
H12,50067726,1786924799,-216.0,50000000,0.99748,119595740.22391324
H12,50089326,1786967999,-204.0,1000000,0.889164,2368236.812304076
H12,50089326,1786967999,-204.0,10000000,0.987619,23704373.055849124
H12,50089326,1786967999,-204.0,50000000,0.997455,118531645.24938266
H12,50110926,1787011199,-192.0,1000000,0.888038,2324564.7639425625
H12,50110926,1787011199,-192.0,10000000,0.98749,23289153.13985289
H12,50110926,1787011199,-192.0,50000000,0.997435,116465101.47723213
H12,50132526,1787054399,-180.0,1000000,0.888625,2334821.195137497
H12,50132526,1787054399,-180.0,10000000,0.987557,23391717.45180224
H12,50132526,1787054399,-180.0,50000000,0.997443,116977923.03697887
H12,50154126,1787097599,-168.0,1000000,0.88847,2414196.6065027653
H12,50154126,1787097599,-168.0,10000000,0.987529,24185471.5781362
H12,50154126,1787097599,-168.0,50000000,0.997436,120946693.6742848
H12,50175726,1787140799,-156.0,1000000,0.888695,2429810.051188745
H12,50175726,1787140799,-156.0,10000000,0.987547,24328940.651352044
H12,50175726,1787140799,-156.0,50000000,0.997432,121658409.9854112
H12,50197326,1787183999,-144.0,1000000,0.877135,2530249.979477717
H12,50197326,1787183999,-144.0,10000000,0.986077,25302504.877101295
H12,50197326,1787183999,-144.0,50000000,0.997131,126512526.64431721
H12,50218926,1787227199,-132.0,1000000,0.874061,41.56229547880406
H12,50218926,1787227199,-132.0,10000000,0.985765,420.5018376568805
H12,50218926,1787227199,-132.0,50000000,0.997085,2104.6775806705537
H12,50240526,1787270399,-120.0,1000000,0.871816,57.989899700075185
H12,50240526,1787270399,-120.0,10000000,0.98545,582.6355008962041
H12,50240526,1787270399,-120.0,50000000,0.997001,2914.393728434555
H12,50262126,1787313599,-108.0,1000000,0.866025,55.229397270867516
H12,50262126,1787313599,-108.0,10000000,0.984717,556.3728344328474
H12,50262126,1787313599,-108.0,50000000,0.996859,2783.6769995972027
H12,50283726,1787356799,-96.0,1000000,0.862166,2200633.5654782606
H12,50283726,1787356799,-96.0,10000000,0.984157,22006340.873752628
H12,50283726,1787356799,-96.0,50000000,0.996743,110031706.68830538
H12,50305326,1787399999,-84.0,1000000,0.87423,57.64840104998223
H12,50305326,1787399999,-84.0,10000000,0.985753,579.4093392814866
H12,50305326,1787399999,-84.0,50000000,0.997063,2898.3468425326173
H12,50326926,1787443199,-72.0,1000000,0.871968,52.738316865582505
H12,50326926,1787443199,-72.0,10000000,0.985473,530.3084974374895
H12,50326926,1787443199,-72.0,50000000,0.99701,2652.842633312631
H12,50348526,1787486399,-60.0,1000000,0.873135,57.44693819514526
H12,50348526,1787486399,-60.0,10000000,0.985613,577.3947107331169
H12,50348526,1787486399,-60.0,50000000,0.997034,2888.2736997907678
H12,50370126,1787529599,-48.0,1000000,0.87178,47.27728369130199
H12,50370126,1787529599,-48.0,10000000,0.985457,474.9816200119173
H12,50370126,1787529599,-48.0,50000000,0.997012,2375.8897814368743
H12,50391726,1787572799,-36.0,1000000,0.870779,55.70124865839134
H12,50391726,1787572799,-36.0,10000000,0.985319,559.2212696828109
H12,50391726,1787572799,-36.0,50000000,0.996976,2797.0880297913423
H12,50413326,1787615999,-24.0,1000000,0.871581,50.62867346366465
H12,50413326,1787615999,-24.0,10000000,0.985428,508.49551773554396
H12,50413326,1787615999,-24.0,50000000,0.997003,2543.4592700550074
H12,50434926,1787659199,-12.0,1000000,0.871611,47.842066074252166
H12,50434926,1787659199,-12.0,10000000,0.985435,480.62944384141906
H12,50434926,1787659199,-12.0,50000000,0.997007,2404.1289005843832
H12,50456526,1787702399,-0.0,1000000,0.873631,55.4023085864334
H12,50456526,1787702399,-0.0,10000000,0.985681,556.2318689632315
H12,50456526,1787702399,-0.0,50000000,0.997047,2782.1410261934457
H12,50478126,1787745599,12.0,1000000,0.864616,54.574987807970686
H12,50478126,1787745599,12.0,10000000,0.98454,548.9618735858339
H12,50478126,1787745599,12.0,50000000,0.99682,2746.2369214874493
H12,50499726,1787788799,24.0,1000000,0.864083,53.572215768677594
H12,50499726,1787788799,24.0,10000000,0.98447,538.9341531929031
H12,50499726,1787788799,24.0,50000000,0.996806,2696.098319522794
H12,50521326,1787831999,36.0,1000000,0.860238,2217514.7568349782
H12,50521326,1787831999,36.0,10000000,0.98391,22175498.986147955
H12,50521326,1787831999,36.0,50000000,0.996691,110877651.11642785
H12,50542926,1787875199,48.0,1000000,0.874479,44.767327773285764
H12,50542926,1787875199,48.0,10000000,0.985821,452.5521606016975
H12,50542926,1787875199,48.0,50000000,0.997092,2264.9291953946386
H12,50564526,1787918399,60.0,1000000,0.871296,50.5201102950485
H12,50564526,1787918399,60.0,10000000,0.985409,510.0799858193248
H12,50564526,1787918399,60.0,50000000,0.996996,2552.5683214827745
H12,50586126,1787961599,72.0,1000000,0.878715,0
H12,50586126,1787961599,72.0,10000000,0.98635,0
H12,50586126,1787961599,72.0,50000000,0.997199,0
H12,50607726,1788004799,84.0,1000000,0.881532,0
H12,50607726,1788004799,84.0,10000000,0.986686,0
H12,50607726,1788004799,84.0,50000000,0.997259,0
H12,50629326,1788047999,96.0,1000000,0.88153,0
H12,50629326,1788047999,96.0,10000000,0.986719,0
H12,50629326,1788047999,96.0,50000000,0.997288,0
H12,50650926,1788091199,108.0,1000000,0.881488,0
H12,50650926,1788091199,108.0,10000000,0.986714,0
H12,50650926,1788091199,108.0,50000000,0.997287,0
H12,50672526,1788134399,120.0,1000000,0.882551,0
H12,50672526,1788134399,120.0,10000000,0.986846,0
H12,50672526,1788134399,120.0,50000000,0.997309,0
H12,50694126,1788177599,132.0,1000000,0.882363,0
H12,50694126,1788177599,132.0,10000000,0.986812,0
H12,50694126,1788177599,132.0,50000000,0.997302,0
H12,50715726,1788220799,144.0,1000000,0.883581,0
H12,50715726,1788220799,144.0,10000000,0.986942,0
H12,50715726,1788220799,144.0,50000000,0.997315,0
H12,50737326,1788263999,156.0,1000000,0.883104,0
H12,50737326,1788263999,156.0,10000000,0.986896,0
H12,50737326,1788263999,156.0,50000000,0.997314,0
H12,50758926,1788307199,168.0,1000000,0.88285,0
H12,50758926,1788307199,168.0,10000000,0.986879,0
H12,50758926,1788307199,168.0,50000000,0.997316,0
